timestamp,demand,demand_pos_RRP,solar_exposure,min_temperature,max_temperature
0,95959.68499999998,95959.68499999998,31.4,16.6,25.3
86400,106118.30342436976,105277.85000000002,29.7,16.4,21.8
172800,108072.23060924374,106373.82500000004,27.2,14.6,21.0
259200,116052.07493487388,113337.68499999994,31.8,14.1,23.6
345600,127183.3769579832,123247.735,31.7,14.7,30.7
432000,139042.8430147059,133705.845,31.5,18.8,41.7
518400,112274.86580252105,107142.81500000002,11.0,18.7,21.8
604800,125472.6856764706,118832.07,17.5,17.3,21.9
691200,118473.18428571423,111361.04999999994,30.0,15.7,22.5
777600,124902.57648739497,116530.04,23.5,13.6,25.6
864000,150753.07388655454,139607.90499999994,28.6,15.5,34.5
950400,143616.47497058817,132022.86999999994,1.7,20.4,30.0
1036800,108458.88504201682,98977.05,10.7,16.0,20.9
1123200,101571.82914285715,92021.68000000002,27.5,12.7,19.5
1209600,121614.93502941178,109389.095,21.1,14.6,20.9
1296000,129973.6512394958,116074.03,31.1,12.9,26.9
1382400,145800.25363865553,129286.36500000006,30.9,12.4,30.3
1468800,175636.0166785715,154648.06500000006,30.8,16.6,40.0
1555200,188790.8233571429,165070.595,30.6,22.5,40.3
1641600,143758.56870798316,124825.02499999998,20.2,20.3,24.6
1728000,147631.24033613436,127305.19999999994,14.9,21.0,28.2
1814400,161083.24625000003,137955.42500000002,27.3,20.5,23.9
1900800,150850.37271428565,128314.46999999994,28.3,18.0,23.6
1987200,152567.4949600841,128899.76500000006,27.5,14.8,23.3
2073600,165924.12418487394,139245.21,28.1,17.1,26.6
2160000,154265.31861344544,128599.46000000006,19.9,19.4,28.4
2246400,167989.6291134454,139114.58500000002,27.5,21.2,33.2
2332800,193802.66561764712,159436.69000000006,28.5,22.7,38.1
2419200,196300.07952941183,160437.56500000006,7.3,27.8,33.5
2505600,141918.98305462187,115239.57,14.1,15.6,21.0
2592000,134515.26512605042,108524.18,19.6,14.6,19.1
2678400,137159.32961764708,109949.21,28.9,12.1,22.5
2764800,141799.858789916,112946.34000000004,28.4,13.4,22.1
2851200,132595.21272058823,104947.325,26.7,15.8,28.1
2937600,134855.2602142857,106065.93499999998,28.5,14.7,25.7
3024000,161802.03705882354,126465.96000000002,24.0,17.0,25.7
3110400,177067.94848739496,137539.725,27.6,17.7,29.9
3196800,206363.2151869748,159307.315,27.1,18.7,37.4
3283200,194817.34328571425,146959.73499999993,15.8,20.6,27.5
3369600,179787.78834873953,137101.87000000002,17.2,20.4,24.9
3456000,155830.8117647059,118113.8,6.6,18.7,30.3
3542400,133315.49416386554,100440.29,18.5,15.5,21.2
3628800,155173.36770588235,116209.13,22.2,16.3,23.6
3715200,167752.11758613453,124882.71500000004,26.0,13.6,29.0
3801600,155759.12268907565,112721.75,22.8,17.5,23.3
3888000,159385.24898109236,117260.24499999994,18.4,13.5,24.2
3974400,156870.62990336135,114736.355,24.8,15.7,22.2
4060800,145497.13750210084,105799.935,24.1,12.4,25.3
4147200,145353.57789075628,105085.51499999998,20.5,13.6,24.0
4233600,157364.90889705883,113116.425,20.9,17.6,25.4
4320000,167948.66892857145,120035.38500000002,25.5,14.1,29.5
4406400,175163.1339642857,124481.415,16.0,16.0,29.3
4492800,189070.83820168063,133607.065,16.8,20.3,31.0
4579200,194010.12794747896,136328.345,13.4,21.2,33.5
4665600,170624.04941596638,119226.43499999998,4.8,22.7,31.6
4752000,138590.27930672266,96305.06999999998,10.0,16.2,19.8
4838400,170684.01052941178,117952.365,24.3,14.3,26.5
4924800,186091.55838445388,127894.28500000006,24.0,14.9,31.3
5011200,180537.55963865545,123400.17,19.6,20.0,30.9
5097600,172617.3345630252,117346.25999999998,17.7,16.2,20.5
5184000,177420.32000000004,119960.33000000002,19.6,14.5,22.8
5270400,165197.4047878151,111096.30499999996,21.8,13.9,32.7
5356800,151490.37126050418,101334.19999999998,22.2,15.8,21.0
5443200,169121.8901029412,112527.285,16.6,14.9,21.1
5529600,172019.9633445378,113850.81,22.6,12.5,27.6
5616000,186396.5388655461,122717.49999999994,22.4,14.4,28.5
5702400,196560.60170588235,128732.59,22.1,14.9,30.5
5788800,196165.309539916,127805.48500000002,21.9,14.6,28.8
5875200,185758.2797142857,120398.885,21.6,14.3,35.1
5961600,162041.38251260502,104486.18,14.3,17.0,22.8
6048000,152051.24794117644,97542.30999999998,10.2,16.7,20.9
6134400,176522.125052521,112663.625,18.8,14.6,20.5
6220800,179833.68563025206,114195.34999999998,17.7,12.8,21.3
6307200,183673.3328109244,116045.27,13.9,15.3,20.8
6393600,184980.0546932773,116284.345,15.0,12.5,24.4
6480000,177004.63512605047,110715.12000000002,15.1,15.4,32.0
6566400,156274.19492436977,97262.70500000002,13.4,22.6,23.1
6652800,180230.1523676471,111617.94500000002,17.8,13.2,28.0
6739200,179784.63534453782,110794.26,9.5,15.4,19.2
6825600,181419.32626680672,111254.315,18.3,11.2,25.1
6912000,188478.97878151265,115020.505,19.0,12.3,28.1
6998400,196441.23347689075,119298.325,18.8,15.2,29.4
7084800,185835.0390378151,112312.69499999998,5.4,20.2,24.2
7171200,164462.4217878151,97211.06,11.6,17.8,25.4
7257600,187921.48858823528,112488.215,11.9,10.7,18.5
7344000,196072.86267857143,116809.36500000002,14.0,9.6,22.6
7430400,198581.69582773105,117744.00499999998,17.8,11.3,30.3
7516800,197341.2309159664,116457.26,14.2,16.5,21.8
7603200,165264.3016554622,97070.345,14.3,12.2,23.3
7689600,170516.1270756302,99687.63999999998,16.7,13.2,22.4
7776000,169815.82046218487,98817.03,11.0,13.0,27.7
7862400,169639.9786764706,98258.25,14.4,14.9,20.9
7948800,196655.02346218488,113381.53,13.9,13.4,19.8
8035200,202078.44860084035,115974.61,16.6,13.3,20.6
8121600,205764.85771848744,117551.695,9.0,13.3,18.7
8208000,203937.98653361347,115979.07,14.8,13.8,21.2
8294400,187128.29785714287,105938.475,16.0,9.8,21.6
8380800,178450.43268697476,100571.165,14.7,11.8,29.9
8467200,211570.5075,118702.92500000002,13.6,15.9,25.7
8553600,219178.33849159663,122423.01000000002,5.9,14.8,28.8
8640000,219296.04142857136,121944.99499999998,10.9,18.1,27.3
8726400,216533.4589789916,119876.63000000002,7.4,15.9,26.5
8812800,206120.56457142852,113609.76,14.4,11.9,25.9
8899200,191584.79738865545,103011.385,3.1,13.5,16.1
8985600,190572.0532941177,97357.365,4.9,9.7,19.1
9072000,212673.97058823524,115694.63999999998,7.1,13.1,21.0
9158400,223563.86759243693,121092.85499999998,8.9,13.2,16.6
9244800,223959.51822478996,120784.875,14.2,6.2,19.4
9331200,224298.1848403361,120448.935,13.0,11.0,22.3
9417600,221285.93470168067,118324.09,13.7,8.9,20.2
9504000,201862.3076470588,107479.25999999997,11.3,11.9,22.8
9590400,195520.56405462185,103662.05,12.6,11.2,20.4
9676800,223127.002,117799.97000000002,13.0,11.9,26.9
9763200,223768.17391386555,117642.645,5.2,13.7,24.6
9849600,203719.9266512605,106654.955,7.7,15.7,20.1
9936000,225598.29123949577,117617.51,7.9,11.9,17.5
10022400,229353.05359663864,119079.465,8.8,11.6,17.8
10108800,210061.92778991588,108613.37999999996,11.7,7.7,18.3
10195200,204451.09190336132,105277.715,9.6,10.5,18.0
10281600,237025.78575,121551.685,12.3,8.8,19.6
10368000,122642.23499999994,122642.23499999994,12.3,7.2,23.4
10454400,118716.59500000002,118716.59500000002,7.2,10.2,23.2
10540800,117357.835,117357.835,4.4,14.5,24.4
10627200,116870.46000000006,116870.46000000006,7.8,11.5,17.2
10713600,106892.995,106892.995,6.5,12.1,21.6
10800000,105840.39,105840.39,11.0,9.9,21.7
10886400,118254.55499999998,118254.55499999998,6.2,12.0,19.5
10972800,122876.865,122876.865,10.6,13.4,17.9
11059200,122721.46000000002,122721.46000000002,7.5,8.0,18.4
11145600,128518.50499999996,128518.50499999996,8.5,9.0,12.8
11232000,133467.37,133467.37,3.7,7.4,15.1
11318400,111273.75499999996,111273.75499999996,9.0,11.0,16.9
11404800,108729.71,108729.71,10.8,13.0,16.2
11491200,129885.95500000002,129885.95500000002,8.2,6.8,15.9
11577600,131900.52,131900.52,4.6,8.9,14.6
11664000,133399.23,133399.23,7.6,9.4,14.3
11750400,131757.155,131757.155,6.9,11.7,15.0
11836800,127353.57499999994,127353.57499999994,8.0,12.3,17.7
11923200,119262.145,119262.145,6.5,10.6,15.5
12009600,112349.26,112349.26,1.7,11.8,16.2
12096000,124046.805,124046.805,5.0,12.6,16.7
12182400,126922.995,126922.995,3.6,13.0,17.0
12268800,129352.83000000002,129352.83000000002,6.5,11.8,15.3
12355200,129553.94,129553.94,5.1,12.9,16.1
12441600,127957.56999999992,127957.56999999992,9.5,9.4,14.9
12528000,115384.08499999998,115384.08499999998,9.9,5.2,20.5
12614400,106044.51,106044.51,8.0,7.3,20.7
12700800,119360.26500000006,119360.26500000006,6.0,12.9,20.5
12787200,123142.76,123142.76,8.1,13.7,17.9
12873600,127830.62,127830.62,7.9,7.7,15.1
12960000,131159.9450000001,131159.9450000001,7.6,9.6,14.8
13046400,135864.065,135864.065,9.6,4.1,13.3
13132800,123226.07500000006,123226.07500000006,9.6,3.5,13.6
13219200,121177.585,121177.585,8.5,4.3,13.8
13305600,135385.41,135385.41,9.3,4.5,14.4
13392000,132975.13,132975.13,8.8,7.5,15.0
13478400,132038.425,132038.425,9.4,5.6,19.1
13564800,128577.62999999996,128577.62999999996,5.7,7.7,17.8
13651200,129910.015,129910.015,3.3,12.4,13.6
13737600,120232.195,120232.195,8.0,11.3,15.6
13824000,117037.86500000006,117037.86500000006,9.3,4.1,15.3
13910400,113420.98500000006,113420.98500000006,8.9,5.3,17.6
13996800,127261.29499999998,127261.29499999998,6.7,7.9,16.6
14083200,131574.605,131574.605,7.1,9.5,14.1
14169600,130544.48500000002,130544.48500000002,7.8,8.6,14.5
14256000,133009.01,133009.01,4.4,9.6,14.0
14342400,124351.23499999994,124351.23499999994,7.1,6.9,13.1
14428800,120785.59500000002,120785.59500000002,5.1,8.0,13.1
14515200,138518.735,138518.735,5.9,9.5,12.0
14601600,143830.12,143830.12,9.0,3.0,14.5
14688000,141305.88000000006,141305.88000000006,8.0,4.3,15.3
14774400,143542.01999999993,143542.01999999993,9.1,4.0,15.1
14860800,140296.40000000002,140296.40000000002,8.5,4.3,15.0
14947200,132165.425,132165.425,3.9,6.0,12.8
15033600,125850.58000000006,125850.58000000006,5.7,9.0,13.1
15120000,141972.715,141972.715,7.8,8.4,12.6
15206400,142842.4,142842.4,6.6,8.4,14.1
15292800,148100.13,148100.13,6.0,4.8,11.2
15379200,150445.47000000006,150445.47000000006,5.2,5.3,10.6
15465600,139188.47999999998,139188.47999999998,6.1,6.1,12.5
15552000,125394.425,125394.425,4.9,9.4,14.2
15638400,124313.06999999998,124313.06999999998,8.8,3.5,14.7
15724800,140713.25500000006,140713.25500000006,9.4,2.4,14.6
15811200,135759.27500000002,135759.27500000002,6.7,4.1,14.3
15897600,128580.975,128580.975,6.0,10.4,17.1
15984000,125861.60000000006,125861.60000000006,2.8,12.7,18.7
16070400,124242.52,124242.52,8.3,12.5,15.2
16156800,119717.435,119717.435,6.5,9.6,12.9
16243200,114562.21500000004,114562.21500000004,6.2,9.3,13.9
16329600,133874.47500000006,133874.47500000006,8.1,10.1,13.8
16416000,140342.99499999994,140342.99499999994,5.4,9.3,11.5
16502400,143461.125,143461.125,6.0,6.6,11.6
16588800,145767.10000000006,145767.10000000006,7.5,4.3,11.3
16675200,140542.95,140542.95,9.3,5.8,13.9
16761600,124491.52999999998,124491.52999999998,10.0,4.4,15.5
16848000,119464.315,119464.315,9.8,6.0,13.8
16934400,137446.75,137446.75,4.5,7.9,12.6
17020800,131367.08999999994,131367.08999999994,9.2,9.1,17.5
17107200,132856.72,132856.72,10.3,6.2,15.2
17193600,133778.445,133778.445,8.5,8.7,17.6
17280000,135728.40500000006,135728.40500000006,7.2,7.2,12.1
17366400,125928.62,125928.62,7.2,6.7,14.0
17452800,114186.79999999994,114186.79999999994,10.5,8.0,14.8
17539200,134664.655,134664.655,6.9,8.4,15.4
17625600,132967.19000000006,132967.19000000006,7.1,8.6,15.6
17712000,135308.29499999998,135308.29499999998,9.3,8.3,15.7
17798400,137634.12499999994,137634.12499999994,8.9,7.7,15.1
17884800,130119.49999999994,130119.49999999994,10.3,9.2,19.5
17971200,116942.94000000006,116942.94000000006,9.3,8.4,18.6
18057600,111555.0,111555.0,10.0,10.8,14.6
18144000,135422.13499999998,135422.13499999998,7.3,8.2,12.6
18230400,129519.995,129519.995,10.2,8.3,16.2
18316800,134004.96,134004.96,11.4,9.9,14.8
18403200,129025.0,129025.0,11.7,4.9,16.1
18489600,129740.31499999994,129740.31499999994,6.3,7.8,18.4
18576000,116238.175,116238.175,8.7,8.0,15.3
18662400,104912.38,97676.145,11.2,10.6,17.6
18748800,127198.78,127198.78,8.5,9.4,13.8
18835200,131851.015,131851.015,9.6,7.3,14.8
18921600,131939.49999999994,131939.49999999994,7.2,9.6,16.0
19008000,135670.99000000005,135670.99000000005,8.6,5.6,15.4
19094400,121875.355,121875.355,11.8,9.4,20.0
19180800,119988.73500000002,119988.73500000002,7.4,8.1,14.7
19267200,115231.84999999998,115231.84999999998,10.4,5.4,14.8
19353600,127541.57,127541.57,8.6,7.9,14.9
19440000,121073.45000000006,121073.45000000006,13.2,9.4,16.7
19526400,122602.115,122602.115,10.1,11.5,18.4
19612800,131137.065,131137.065,9.2,8.7,14.7
19699200,125189.54,125189.54,12.2,7.7,15.9
19785600,116571.25999999994,97520.81499999996,10.4,8.9,13.8
19872000,119707.92999999998,101911.50999999998,9.3,6.7,11.9
19958400,138918.385,138918.385,6.5,5.5,12.4
20044800,138424.25000000006,138424.25000000006,7.7,8.6,12.4
20131200,136240.84499999994,136240.84499999994,8.5,8.7,14.0
20217600,131956.72499999998,131956.72499999998,11.1,5.6,16.0
20304000,130210.94,130210.94,14.7,4.8,15.4
20390400,116471.77499999998,116471.77499999998,14.9,3.9,15.2
20476800,111436.265,111436.265,12.3,4.9,14.7
20563200,131280.84999999998,131280.84999999998,12.4,6.8,12.9
20649600,139563.09499999994,139563.09499999994,11.7,1.9,11.2
20736000,136032.16,136032.16,15.5,0.8,12.5
20822400,139752.545,124675.05500000008,5.1,4.8,16.7
20908800,130466.915,130466.915,6.8,8.9,16.0
20995200,116344.56500000006,116344.56500000006,7.4,10.5,13.4
21081600,118402.905,118402.905,11.2,5.0,12.3
21168000,131448.995,131448.995,14.7,5.0,13.1
21254400,128192.085,128192.085,14.7,3.4,19.5
21340800,118307.15499999994,118307.15499999994,14.5,8.1,20.2
21427200,116467.36999999998,116467.36999999998,9.5,13.8,20.6
21513600,123583.52,123583.52,14.7,8.7,15.1
21600000,109948.615,109948.615,16.2,4.2,17.5
21686400,107838.95000000004,97911.17500000005,7.3,8.6,18.1
21772800,123132.625,123132.625,10.2,13.4,18.0
21859200,111096.53,111096.53,17.7,9.1,24.2
21945600,112935.04,112935.04,15.8,11.7,18.5
22032000,117880.565,117880.565,18.2,7.1,19.7
22118400,111213.15000000002,109071.12000000002,18.2,10.9,22.7
22204800,108632.35499999998,85793.06999999999,6.3,10.2,13.7
22291200,113030.005,113030.005,15.3,5.5,14.0
22377600,118208.23999999998,109191.01,18.7,6.7,18.1
22464000,119622.28500000006,119622.28500000006,8.0,11.0,20.3
22550400,123787.77000000006,123787.77000000006,16.1,8.5,14.7
22636800,125335.56999999998,125335.56999999998,18.5,3.8,17.4
22723200,120372.48,120372.48,16.6,8.3,18.9
22809600,107731.72,107731.72,19.7,6.8,17.3
22896000,107332.1,107332.1,11.6,10.4,13.7
22982400,119535.715,119535.715,17.2,4.6,14.9
23068800,124797.085,124797.085,12.2,8.6,13.6
23155200,119238.345,119238.345,20.8,6.4,17.6
23241600,110878.66999999998,110878.66999999998,20.8,9.2,24.2
23328000,108622.42,108622.42,10.2,10.7,15.2
23414400,109315.06500000005,109315.06500000005,17.0,5.5,14.0
23500800,106236.22999999997,106236.22999999997,19.8,6.8,16.5
23587200,114466.63999999998,114466.63999999998,21.4,4.7,23.3
23673600,114458.20500000002,114458.20500000002,13.4,11.4,25.8
23760000,115490.835,115490.835,10.9,14.7,18.1
23846400,115294.12,115294.12,12.5,10.9,14.6
23932800,112576.54500000006,112576.54500000006,22.5,9.1,20.5
24019200,102988.14500000002,102988.14500000002,22.7,8.3,23.8
24105600,100476.70500000002,100476.70500000002,21.2,10.3,24.7
24192000,113945.5,113945.5,22.7,13.5,28.2
24278400,116449.31,116449.31,7.2,16.1,17.9
24364800,109551.08000000005,109551.08000000005,20.0,10.1,16.5
24451200,110432.33,110432.33,23.7,6.4,20.7
24537600,110457.335,110457.335,23.9,8.7,22.7
24624000,96584.74499999998,96584.74499999998,23.2,10.5,24.9
24710400,90918.615,90918.615,22.1,12.4,27.3
24796800,108070.27499999998,108070.27499999998,19.4,19.5,27.5
24883200,113889.41,113889.41,6.1,20.0,23.1
24969600,112592.26,112592.26,15.1,16.1,22.6
25056000,112806.585,112806.585,10.5,14.7,20.7
25142400,107940.16000000002,107940.16000000002,23.0,12.8,27.4
25228800,99368.85499999997,99368.85499999997,9.8,11.7,16.1
25315200,98427.53,98427.53,22.7,7.6,19.2
25401600,105893.615,105893.615,25.7,8.9,27.0
25488000,109241.565,109241.565,16.7,13.0,18.8
25574400,111423.365,111423.365,19.7,9.2,15.5
25660800,112414.39000000004,112414.39000000004,25.0,6.4,19.5
25747200,111145.12,111145.12,23.7,9.6,18.3
25833600,97973.985,97973.985,20.5,11.3,19.6
25920000,95624.015,95624.015,22.8,9.3,15.9
26006400,110196.61499999996,110196.61499999996,25.6,9.1,17.0
26092800,113459.025,113459.025,25.8,8.3,25.2
26179200,114402.74499999998,114402.74499999998,16.7,13.0,19.5
26265600,119350.665,119350.665,14.2,12.8,34.3
26352000,116793.855,116793.855,13.4,16.3,31.6
26438400,93859.285,93859.285,19.9,12.6,20.9
26524800,96432.625,96432.625,19.7,9.2,20.9
26611200,107014.075,107014.075,15.8,14.5,28.6
26697600,100696.565,100696.565,7.8,16.3,21.4
26784000,106387.19500000004,106387.19500000004,18.2,11.1,17.2
26870400,109430.37,109430.37,22.7,7.7,17.0
26956800,112506.95,112506.95,14.8,8.0,20.0
27043200,100203.55,100203.55,27.3,9.0,20.3
27129600,94602.89,94602.89,29.1,9.3,19.6
27216000,114159.595,114159.595,17.5,10.9,30.2
27302400,120185.265,120185.265,18.4,16.9,30.5
27388800,116487.58,116487.58,7.2,14.8,17.3
27475200,108628.34,108628.34,23.8,13.7,18.1
27561600,107405.925,107405.925,29.8,8.3,19.0
27648000,90498.92,90498.92,29.9,9.6,18.1
27734400,92043.13,92043.13,30.1,9.8,26.6
27820800,113978.535,113978.535,27.5,15.4,30.9
27907200,118330.62499999994,118330.62499999994,5.5,22.5,27.6
27993600,106618.19499999998,106618.19499999998,24.2,12.3,23.2
28080000,107278.83,107278.83,20.3,9.7,16.4
28166400,113582.6,113582.6,3.5,11.0,14.5
28252800,101352.12,101352.12,15.8,11.1,16.9
28339200,96240.40999999996,96240.40999999996,20.5,12.7,18.8
28425600,110547.60500000004,110547.60500000004,25.5,11.9,18.6
28512000,109706.42000000004,109706.42000000004,23.3,14.4,20.0
28598400,106684.825,106684.825,18.0,14.4,20.8
28684800,112586.74,112586.74,21.1,13.9,18.7
28771200,110031.81999999998,110031.81999999998,28.0,14.7,20.8
28857600,100725.23999999998,98789.23499999996,30.8,10.3,31.7
28944000,88903.065,73658.87,18.9,12.2,19.5
29030400,107666.305,107666.305,13.4,13.3,23.6
29116800,111718.075,111718.075,28.2,13.4,20.5
29203200,114225.12000000002,114225.12000000002,31.1,13.4,25.2
29289600,135452.26,135452.26,31.3,14.5,35.5
29376000,156648.40500000006,156648.40500000006,27.1,25.1,38.0
29462400,121237.47,121237.47,11.0,22.7,30.3
29548800,102161.115,102161.115,11.8,16.0,20.1
29635200,110803.76499999998,110803.76499999998,28.5,15.8,20.6
29721600,114413.785,114413.785,31.6,13.0,23.6
29808000,129715.465,129715.465,29.4,16.0,33.6
29894400,114986.33000000002,114986.33000000002,6.0,16.9,21.1
29980800,110025.465,110025.465,13.7,16.4,22.7
30067200,102577.145,102577.145,17.5,17.2,24.8
30153600,99110.77500000002,99110.77500000002,16.3,15.8,23.5
30240000,112804.4,112804.4,23.2,15.6,21.8
30326400,113485.10500000004,113485.10500000004,21.1,16.7,20.8
30412800,119907.24499999998,119907.24499999998,16.6,16.8,26.9
30499200,111880.525,111880.525,14.8,16.9,21.2
30585600,102075.925,102075.925,9.6,15.4,20.9
30672000,92725.73999999998,92725.73999999998,27.8,14.1,19.1
30758400,94938.395,94938.395,32.3,11.5,26.9
30844800,112358.81500000002,112358.81500000002,32.3,14.3,34.2
30931200,98191.65500000004,98191.65500000004,32.2,15.8,23.9
31017600,100017.195,100017.195,32.3,13.3,23.8
31104000,129749.14,129749.14,29.3,16.2,37.4
31190400,133831.37499999994,133831.37499999994,19.1,21.9,36.4
31276800,108290.11000000004,108290.11000000004,5.7,21.0,23.9
31363200,99613.86499999998,99613.86499999998,9.9,18.2,22.7
31449600,103381.915,103381.915,31.3,17.3,23.5
