timestamp,demand,demand_pos_RRP,solar_exposure,min_temperature,max_temperature,rainfall,RRP
0,98933.06,98933.06,31.7,15.5,26.2,0.0,78.56097897457127
86400,106470.67500000002,106470.67500000002,26.3,18.4,22.2,0.0,92.20201119885824
172800,118789.605,118789.605,27.6,15.9,29.5,0.0,127.38030256687858
259200,133288.46,133288.46,27.4,18.0,42.6,0.0,121.0209966950628
345600,97262.79,97262.79,12.9,17.4,21.2,0.4,83.4935204876397
432000,93606.21500000004,93606.21500000004,30.9,14.6,22.1,1.4,65.7664069816304
518400,109874.89999999997,109874.89999999997,30.2,17.1,23.1,0.0,85.07795745479638
604800,113446.09999999998,113446.09999999998,28.9,16.7,24.1,0.0,104.90778153105308
691200,105483.435,105483.435,28.4,16.1,20.5,0.6,91.8515467177382
777600,108078.695,108078.695,25.8,13.5,21.4,0.0,96.41374256600707
864000,119728.635,119728.635,31.5,12.9,30.4,0.0,116.30567077917496
950400,108628.96000000002,108628.96000000002,28.6,17.7,24.7,0.0,88.99664281191679
1036800,101853.23999999998,101853.23999999998,31.3,14.4,30.5,0.0,75.27302387631461
1123200,147070.535,147070.535,31.1,18.7,32.3,0.0,188.1976495472054
1209600,152496.24500000005,152496.24500000005,22.3,19.4,30.4,0.0,222.43841901254672
1296000,136971.75500000006,136971.75500000006,17.5,19.8,26.7,0.0,178.07967543052936
1382400,145211.49000000002,145211.49000000002,6.0,20.7,32.5,0.0,175.35289299214546
1468800,134898.21000000002,134898.21000000002,2.6,22.3,28.7,0.2,137.85002617306782
1555200,101692.44999999998,101692.44999999998,30.2,16.5,23.5,2.0,80.7862524931792
1641600,102283.13,102283.13,29.2,15.2,22.9,0.0,86.60790072566222
1728000,130517.97000000002,130517.97000000002,28.2,18.4,25.1,0.0,176.68995000343628
1814400,141444.78000000006,141444.78000000006,29.3,19.0,26.8,0.0,278.7777434773485
1900800,125501.15,125501.15,27.4,18.7,23.9,0.0,154.47314489428985
1987200,155891.345,155891.345,30.0,17.3,40.8,0.0,4549.645104894695
2073600,168894.845,168894.845,25.3,21.1,42.8,0.0,906.4372323388556
2160000,114818.665,114818.665,27.7,19.9,26.1,0.0,163.73362523549642
2246400,99801.575,99801.575,21.1,18.4,27.8,0.0,86.3962243100873
2332800,112374.63,112374.63,29.4,15.5,34.5,0.0,150.94848005061286
2419200,138455.45500000002,138455.45500000002,27.7,17.5,36.8,0.0,183.4002092918621
2505600,142113.375,142113.375,19.9,18.0,38.1,0.0,188.7424194619261
2592000,110277.21,110277.21,27.8,17.2,21.5,6.6,107.52123339219412
2678400,104422.79,104422.79,28.8,12.6,24.2,0.0,117.68273905294043
2764800,124749.065,124749.065,27.5,15.0,34.4,0.0,240.9545238675737
2851200,133287.58500000002,133287.58500000002,26.1,19.1,38.2,0.0,186.91763222021007
2937600,119168.96,119168.96,9.3,20.0,22.7,0.0,110.15122670030856
3024000,119702.045,119702.045,14.6,17.7,26.9,0.0,92.70133953183506
3110400,140497.81500000006,140497.81500000006,22.8,18.5,34.7,0.0,143.45505606190383
3196800,141593.545,141593.545,25.1,20.7,28.3,11.0,147.68790950321923
3283200,117327.49500000002,117327.49500000002,21.1,18.1,23.1,0.0,107.84915867674496
3369600,95668.77000000003,80859.02000000003,13.6,14.6,19.7,0.0,44.17631186331753
3456000,94786.72,94786.72,23.5,13.0,23.3,4.8,86.4357758702907
3542400,114085.64499999996,114085.64499999996,18.6,14.4,27.5,0.0,97.71508951323372
3628800,107697.20499999996,107697.20499999996,12.4,18.4,21.5,0.0,57.33821194059772
3715200,106692.84500000004,106692.84500000004,23.7,11.8,19.2,2.8,85.98148306617935
3801600,107655.08,107655.08,24.2,12.3,23.2,0.0,108.29071515668372
3888000,113910.46,113910.46,23.1,14.8,22.8,0.0,114.76850381299488
3974400,106467.235,106467.235,24.2,16.1,23.2,0.0,127.48027536311994
4060800,108470.92500000002,108470.92500000002,20.0,15.0,29.0,0.0,110.48959279318396
4147200,116995.06500000006,116995.06500000006,16.9,18.0,23.6,0.0,104.46345541797
4233600,110531.6,110531.6,21.4,13.7,20.2,0.0,105.09817816533916
4320000,108972.30499999998,108972.30499999998,20.8,13.5,23.2,0.0,111.04602430268864
4406400,110235.33500000002,110235.33500000002,16.2,14.0,20.4,0.0,114.36057204888073
4492800,109901.76,109901.76,23.9,15.5,21.2,0.0,103.04406291628084
4579200,99890.25000000004,99890.25000000004,24.0,16.4,25.8,0.0,77.03140321602956
4665600,106877.865,106877.865,24.6,13.8,32.9,0.0,87.18091337995945
4752000,133476.60500000007,133476.60500000007,24.4,18.0,34.2,0.0,139.9559770212165
4838400,123114.11499999996,123114.11499999996,21.0,17.9,22.3,0.0,115.93960327903916
4924800,125272.27,125272.27,24.0,12.9,25.7,0.0,123.78753914812916
5011200,150472.25499999998,150472.25499999998,23.4,16.3,36.8,0.0,160.9384486714843
5097600,163682.03999999998,163682.03999999998,22.3,22.6,38.1,0.0,1284.799875966844
5184000,146265.115,146265.115,23.4,22.3,36.3,0.0,132.49259040510108
5270400,138597.69000000006,138597.69000000006,14.4,25.1,36.0,0.0,153.78429577217338
5356800,136528.80999999994,136528.80999999994,21.8,19.0,24.6,0.0,135.2064474461471
5443200,126073.52999999998,126073.52999999998,15.5,18.0,24.3,0.0,118.26194463540442
5529600,108723.615,108723.615,19.5,13.2,17.2,1.6,75.9811913736496
5616000,114519.865,114519.865,21.2,9.7,22.1,2.0,103.1975584995669
5702400,117281.20000000006,117281.20000000006,10.2,11.3,26.8,0.0,106.93880270239389
5788800,106854.93499999998,106854.93499999998,20.0,13.9,24.7,0.0,95.07842458656684
5875200,101994.055,101994.055,10.1,14.3,23.7,0.0,74.37493202863638
5961600,103219.08000000002,103219.08000000002,18.6,15.9,21.8,0.2,81.4720400661389
6048000,110086.7,110086.7,10.8,15.8,19.2,0.0,76.97154795810938
6134400,114740.51999999996,114740.51999999996,15.1,11.9,18.6,0.0,122.2385810771121
6220800,112785.78,112785.78,20.6,12.1,20.8,0.2,126.78595712952465
6307200,111179.125,111179.125,18.7,11.7,22.2,0.0,102.60851509849532
6393600,105119.47999999998,105119.47999999998,20.1,12.2,25.6,0.0,95.25118781361932
6480000,105669.04499999998,105669.04499999998,19.2,14.2,25.6,0.0,103.95719236650622
6566400,121954.385,121954.385,18.9,16.5,28.2,0.0,111.14979459615164
6652800,123290.83499999998,123290.83499999998,12.7,16.9,23.4,0.0,113.6447742648511
6739200,123994.30000000002,123994.30000000002,11.1,19.3,23.4,0.0,127.27659918964012
6825600,124181.40500000006,124181.40500000006,12.5,18.2,24.3,0.0,115.46016502229136
6912000,128305.64,128305.64,15.3,18.7,28.6,0.0,111.2407065963741
6998400,109147.65,109147.65,13.6,19.9,31.3,1.8,98.95473172395371
7084800,104226.83000000005,104226.83000000005,16.9,16.5,29.3,2.0,97.85759965452272
7171200,107583.935,107583.935,13.6,14.8,19.0,0.2,80.29292737433335
7257600,108840.18,108840.18,15.9,12.3,20.3,0.0,95.56789356467438
7344000,113307.595,113307.595,17.8,11.1,21.7,0.0,114.1613714808791
7430400,113923.16,113923.16,17.8,11.6,27.9,0.0,108.46027504372246
7516800,110768.285,110768.285,4.9,14.6,28.5,0.0,83.9895377399767
7603200,101262.655,101262.655,11.4,9.1,15.6,1.8,85.16593486463493
7689600,101119.835,101119.835,8.0,9.4,18.5,2.2,94.3895882296485
7776000,116817.42999999992,116817.42999999992,6.6,13.0,17.1,0.2,131.3335308998837
7862400,114927.20500000002,114927.20500000002,16.6,7.4,25.9,0.0,119.3975506874112
7948800,115188.76,115188.76,10.9,9.4,24.7,0.0,112.9080675588486
8035200,113763.835,113763.835,13.9,13.3,21.9,0.0,116.75648841567268
8121600,111484.73,111484.73,15.3,14.4,28.5,0.0,98.5303019718485
8208000,102229.64500000002,102229.64500000002,12.4,16.5,20.1,0.0,103.27299489693036
8294400,93590.42500000002,91959.07500000004,15.9,9.5,26.5,0.0,86.80268600660803
8380800,108543.635,108543.635,9.0,12.5,23.1,0.0,113.13405393278008
8467200,111999.04000000002,111999.04000000002,13.9,11.1,16.3,1.6,106.33594680588337
8553600,120858.98000000004,120858.98000000004,4.8,10.7,15.8,1.4,121.87513630844806
8640000,116890.61,116890.61,14.4,11.3,17.3,0.0,126.88960511926491
8726400,114848.76999999996,114848.76999999996,15.3,6.7,24.9,0.2,128.72320472435192
8812800,105963.555,105963.555,10.0,10.5,20.7,0.0,122.44216060606873
8899200,98680.0,98680.0,14.4,11.8,22.5,0.0,111.73164600020267
8985600,114194.95500000006,114194.95500000006,10.9,12.9,27.4,0.0,113.1121727816259
9072000,115392.875,115392.875,14.4,17.1,30.3,0.0,100.005617382789
9158400,117281.13,117281.13,12.8,22.1,30.0,0.0,100.10963870360052
9244800,111360.06500000006,111360.06500000006,12.8,13.2,17.7,0.0,84.83386371362117
9331200,95967.40499999998,95967.40499999998,14.0,8.6,22.1,0.0,78.14244557774593
9417600,95654.36,95654.36,13.9,10.2,30.2,0.0,66.87481388877622
9504000,94810.66499999998,94810.66499999998,7.5,14.8,27.0,0.0,80.0762584842117
9590400,100246.51000000002,100246.51000000002,6.0,13.7,17.6,0.8,95.10738691551455
9676800,114240.885,114240.885,8.0,11.1,18.5,0.0,89.62898584075216
9763200,113264.22999999998,113264.22999999998,8.2,14.6,23.2,0.0,86.74929284117327
9849600,98112.46500000004,98112.46500000004,10.6,10.2,21.5,0.0,62.60573066888085
9936000,107226.59,107226.59,6.9,11.9,15.8,3.0,60.91838254158787
10022400,105374.93,105374.93,8.5,8.7,16.2,0.0,79.62008598155177
10108800,101057.43,101057.43,5.2,12.4,17.4,0.0,86.0228606184622
10195200,118307.525,118307.525,8.4,11.5,18.1,0.0,121.02964170664544
10281600,110515.6,110515.6,11.7,7.9,23.1,0.0,96.95170577411696
10368000,111462.385,111462.385,7.8,15.6,22.8,0.0,90.56383689573843
10454400,112948.40000000002,112948.40000000002,6.2,17.1,20.2,3.6,103.5866147714354
10540800,110902.18500000004,110902.18500000004,9.0,11.8,20.7,0.2,101.16299820152322
10627200,103616.145,103616.145,8.2,13.0,16.4,0.2,103.38349672437626
10713600,104770.705,104770.705,6.5,11.3,16.3,2.0,108.09555592090364
10800000,121535.485,121535.485,8.5,11.7,16.7,0.2,112.50558457392094
10886400,116318.435,116318.435,11.7,7.4,18.7,0.0,94.75371447655736
10972800,118801.83999999998,118801.83999999998,7.3,10.3,17.4,5.2,114.5284513320669
11059200,122003.33500000002,122003.33500000002,5.3,9.7,16.2,0.6,113.63033048276915
11145600,123850.86000000006,123850.86000000006,2.8,10.2,14.2,7.2,93.13527687494457
11232000,113186.73500000002,113186.73500000002,7.7,10.2,16.4,8.2,87.03653304514883
11318400,110416.88000000003,110416.88000000003,6.6,12.2,17.7,0.0,87.37738173683222
11404800,119598.605,119598.605,8.3,12.7,18.1,0.0,77.15737697860273
11491200,123005.30999999994,123005.30999999994,9.0,11.3,20.2,0.0,89.82269178054187
11577600,126264.77500000002,126264.77500000002,8.0,12.0,15.8,0.0,100.6447737716239
11664000,127389.485,127389.485,9.8,10.5,16.1,0.0,98.94296433296672
11750400,126934.24000000006,126934.24000000006,10.7,6.5,18.6,0.0,96.78385885715308
11836800,112990.63499999998,112990.63499999998,10.6,6.2,21.5,0.0,86.44178509617196
11923200,104054.85,104054.85,10.0,8.9,21.8,0.2,76.29416809211679
12009600,118733.42,118733.42,3.1,12.0,19.6,0.4,93.34436429818994
12096000,121766.77000000006,121766.77000000006,6.9,11.1,20.4,0.4,104.55780828299868
12182400,122015.58999999994,122015.58999999994,10.3,10.7,22.3,0.0,115.8944559314101
12268800,119118.11000000002,119118.11000000002,10.2,9.9,21.3,0.0,88.3871361923892
12355200,118924.76499999994,118924.76499999994,4.4,13.8,20.2,0.0,91.547124489588
12441600,104949.95000000004,104949.95000000004,9.1,13.7,19.8,1.6,74.26293512240831
12528000,106153.43,106153.43,8.6,9.5,15.1,6.6,63.90308214251768
12614400,130229.29500000006,130229.29500000006,7.2,7.8,14.0,8.2,87.6110140260684
12700800,133799.65499999994,133799.65499999994,3.3,8.2,15.7,0.2,79.96477454444856
12787200,136301.49000000002,132293.375,7.9,8.7,10.6,1.2,85.00394219681678
12873600,138857.13499999998,138857.13499999998,5.8,6.7,13.3,5.8,100.0150102549646
12960000,133869.14000000007,133869.14000000007,5.7,8.5,14.3,1.4,100.70775032057422
13046400,120653.43500000006,120653.43500000006,5.8,11.7,14.6,2.4,113.24463721608916
13132800,118086.93,118086.93,6.7,11.0,14.5,0.0,108.92258571714922
13219200,135437.84999999998,135437.84999999998,3.8,8.2,12.0,15.4,115.7252698828282
13305600,136149.125,136149.125,7.9,8.4,12.9,3.2,149.11844378213962
13392000,137844.81500000006,137844.81500000006,5.7,8.6,13.0,0.0,155.98832920447526
13478400,134971.775,134971.775,7.9,10.2,14.8,0.0,162.49199485262753
13564800,132003.44000000006,132003.44000000006,8.0,11.7,16.6,0.0,139.20081615903342
13651200,117243.63,117243.63,9.3,6.7,18.7,0.0,102.41608564405593
13737600,110669.41999999998,110669.41999999998,8.0,7.8,18.0,0.0,69.56130596645399
13824000,108133.03,100717.38,7.6,12.0,19.2,3.0,47.487874042279216
13910400,122760.92000000006,122760.92000000006,9.2,9.6,17.9,0.0,73.07808170792462
13996800,128127.75,128127.75,1.3,11.9,16.5,0.6,85.7926900698717
14083200,128535.19,128535.19,8.9,8.8,17.4,2.6,79.51625140477094
14169600,128153.195,128153.195,7.0,10.0,17.3,2.2,86.6554642075057
14256000,121097.84500000002,121097.84500000002,6.4,9.0,15.2,2.6,104.431850293042
14342400,116811.39000000006,116811.39000000006,7.5,8.6,16.7,0.0,111.27673379453827
14428800,129972.91499999994,129972.91499999994,8.6,6.3,17.9,3.4,108.746695778886
14515200,137922.21999999994,137922.21999999994,5.2,8.0,13.7,0.0,101.3953781265267
14601600,144737.11999999994,144737.11999999994,7.0,6.6,11.9,0.8,157.0260409817468
14688000,148609.59500000006,148609.59500000006,6.4,6.4,11.3,1.6,141.9795859109905
14774400,144504.33000000002,144504.33000000002,8.5,6.5,12.6,3.0,123.809711715559
14860800,132829.28999999998,132829.28999999998,7.3,6.8,11.8,0.4,111.60986154333884
14947200,133525.32,133525.32,5.9,3.6,9.6,1.2,127.60190278143502
15033600,146856.79999999993,146856.79999999993,9.0,4.2,16.0,0.0,117.5189606926612
15120000,145807.24999999994,145807.24999999994,8.9,3.5,17.0,0.0,124.05127783803624
15206400,139351.56000000006,139351.56000000006,9.2,4.6,18.0,0.2,106.19913998307584
15292800,131023.66000000002,131023.66000000002,9.2,5.9,17.5,0.0,77.67112944066741
15379200,123546.62,123546.62,9.2,10.7,19.5,0.0,61.81515592858794
15465600,117924.12999999998,114149.88,2.6,13.0,17.6,0.8,52.91240414027224
15552000,116150.91500000002,116150.91500000002,8.5,8.1,14.5,6.4,51.901149884183
15638400,130565.58000000002,128574.055,8.3,9.5,14.1,0.0,67.1954646136447
15724800,135866.74999999994,135866.74999999994,6.6,8.6,15.9,0.0,93.11067430000352
15811200,137327.7,137327.7,7.5,8.2,13.7,0.0,97.28799980994366
15897600,135182.72499999998,135182.72499999998,6.9,5.3,13.5,0.0,85.90178263605799
15984000,132774.295,132774.295,9.0,3.5,19.1,0.0,78.71906603495805
16070400,114660.90000000002,114660.90000000002,9.3,6.0,19.4,0.0,64.99290405491321
16156800,114469.88,114469.88,6.1,9.0,18.2,0.2,87.7471865542272
16243200,127307.26000000002,127307.26000000002,8.2,11.0,16.0,5.2,101.94417128763904
16329600,133803.98500000004,133803.98500000004,7.2,6.8,15.0,0.2,125.09903145074487
16416000,127092.71499999998,125075.00999999998,6.7,9.5,15.4,0.2,84.78069490647047
16502400,133131.52,133131.52,4.6,7.8,14.3,6.4,89.21770528008697
16588800,128384.14,128384.14,6.2,10.1,15.7,2.4,90.9696995018232
16675200,123954.31,123954.31,8.3,7.0,12.0,4.4,82.19006878582924
16761600,123740.26499999998,123740.26499999998,3.8,7.1,13.1,0.8,81.78499643143648
16848000,131739.2,131739.2,7.6,8.9,14.3,4.4,92.26999314440955
16934400,132941.77,132941.77,6.4,9.9,13.9,1.8,114.60044989471707
17020800,135339.82,135339.82,3.6,9.7,13.7,0.0,91.54588644753626
17107200,134119.13999999998,134119.13999999998,7.9,9.0,14.3,0.4,85.91887882780937
17193600,132101.86,132101.86,9.6,7.5,15.7,1.6,101.57319835428508
17280000,111288.905,103392.82,10.3,8.0,17.1,0.0,52.52531989689358
17366400,111293.14999999998,111293.14999999998,8.1,11.3,16.6,0.0,60.15659042762292
17452800,123618.42,114666.04,10.6,7.9,15.6,0.0,64.5853430904553
17539200,129008.62,129008.62,8.2,9.9,15.2,1.6,69.8647958295345
17625600,135782.54499999998,135782.54499999998,7.8,7.0,14.4,8.0,87.25629929900046
17712000,132940.63,132940.63,5.2,9.2,14.8,0.0,84.07621011198759
17798400,136493.13000000006,124212.345,5.9,11.0,14.0,0.0,95.23321784766748
17884800,121958.69,121958.69,8.7,9.8,15.3,6.8,94.37586714772024
17971200,118413.135,118413.135,10.2,6.6,15.1,0.0,85.71207304493714
18057600,133205.18,133205.18,9.9,8.9,14.6,0.0,95.87375279700083
18144000,138858.04499999998,138858.04499999998,8.7,7.9,12.5,0.8,110.47005940491242
18230400,140275.82999999993,140275.82999999993,11.3,3.0,12.5,0.0,153.2668493617183
18316800,137651.135,137651.135,8.6,5.8,13.8,0.0,98.96700553649632
18403200,135633.88999999998,135633.88999999998,7.4,9.7,12.7,0.4,106.56821671781294
18489600,119933.69999999994,119933.69999999994,6.2,10.0,13.9,0.0,121.53235654449092
18576000,120350.215,120350.215,7.2,9.2,13.1,1.0,127.88116986122544
18662400,125652.055,125652.055,10.7,10.0,15.8,0.0,108.49692385970128
18748800,132120.39,132120.39,4.5,9.1,13.5,0.4,89.42780510676664
18835200,136315.37999999995,136315.37999999995,7.5,9.3,14.1,0.0,129.26252923881373
18921600,133004.73,133004.73,9.6,6.7,13.9,10.8,95.45419528463384
19008000,142555.10499999998,142555.10499999998,7.3,7.8,10.1,2.0,119.95748145708284
19094400,128554.60500000004,128554.60500000004,6.6,5.2,12.5,4.2,94.66880877818414
19180800,121028.32499999998,121028.32499999998,11.4,4.8,12.9,6.0,98.10109395176713
19267200,136683.39999999994,136683.39999999994,9.9,6.3,12.0,8.8,163.36163671996746
19353600,141474.26499999998,141474.26499999998,7.0,8.8,13.1,0.0,267.34764992700275
19440000,134681.435,134681.435,6.7,9.1,13.8,0.2,123.85214218685748
19526400,128119.715,128119.715,10.5,7.3,16.2,0.0,76.35098086660591
19612800,129781.155,129781.155,6.3,10.6,16.9,0.0,100.01159208361184
19699200,115460.6,115460.6,13.4,7.0,16.5,3.8,75.4914133167505
19785600,110816.37500000004,106868.37500000004,9.3,8.8,19.4,0.0,52.02449269343092
19872000,131067.25,131067.25,12.8,5.8,12.3,4.0,81.72362524238511
19958400,131438.55,131438.55,7.2,7.6,17.0,0.4,61.92654742044858
20044800,120747.08000000006,108231.37500000004,11.5,11.5,16.6,0.2,54.3868803233171
20131200,127697.98999999998,115725.605,11.3,9.6,13.0,1.6,89.13914759425741
20217600,126763.36499999998,124541.71999999994,14.5,3.8,15.1,0.0,91.09893111428528
20304000,107303.475,101567.635,13.0,7.9,18.0,0.0,55.14989882480504
20390400,113980.3,113980.3,13.9,6.5,12.9,1.2,119.30559327664518
20476800,132704.365,132704.365,14.7,5.3,14.4,0.0,142.18481027470344
20563200,130964.88499999998,130964.88499999998,12.9,4.2,15.3,0.0,131.10741943040688
20649600,137660.93999999994,137660.93999999994,5.0,8.3,13.4,0.0,140.94202113649675
20736000,134233.34499999994,134233.34499999994,13.2,6.1,13.0,6.2,135.24686040528906
20822400,131871.08,131871.08,15.6,2.3,15.3,0.2,185.20528364482945
20908800,107616.03,93611.49,15.8,5.0,18.2,0.0,79.34719837230567
20995200,106779.47500000002,99421.01,9.4,11.1,19.6,0.0,75.51274153623623
21081600,121697.38000000002,121697.38000000002,13.8,10.2,17.6,2.4,92.6910889203202
21168000,118871.21499999998,118871.21499999998,16.4,9.2,19.6,0.6,114.88625945019577
21254400,122652.81000000006,122652.81000000006,15.1,8.2,18.7,0.0,144.39343448918942
21340800,120223.17499999994,120223.17499999994,14.8,8.7,21.2,3.4,99.34544346753448
21427200,122222.69000000002,122222.69000000002,10.4,11.3,16.0,2.0,67.97275419073169
21513600,115200.19,115200.19,11.3,8.8,12.9,1.0,73.46796299598115
21600000,116999.07,114676.565,9.5,8.2,15.1,0.6,65.37643892041194
21686400,130448.115,130448.115,14.4,6.8,12.8,5.6,92.61396885267372
21772800,131665.01499999998,131665.01499999998,16.1,7.7,14.8,2.6,150.02796120594377
21859200,121100.04499999994,121100.04499999994,17.8,5.0,20.8,0.0,83.05214828491603
21945600,118723.07,116837.755,11.8,11.1,20.8,0.0,76.52661892292711
22032000,120349.015,120349.015,14.0,7.7,18.6,0.0,108.21402331709986
22118400,103500.955,103500.955,18.3,9.3,20.0,0.0,106.46105229318898
22204800,105149.02,105149.02,8.4,12.4,21.8,1.6,87.63007498976215
22291200,119362.235,119362.235,17.7,9.7,12.8,13.0,137.4673566949379
22377600,124129.44,124129.44,19.0,3.6,14.8,0.0,149.59917598919318
22464000,119715.70499999994,119715.70499999994,19.2,4.3,18.9,0.0,151.25580455797345
22550400,108102.56000000004,108102.56000000004,19.4,8.2,24.0,0.0,82.4382414602392
22636800,107222.345,107222.345,14.4,15.7,26.2,0.0,106.2793136617185
22723200,101348.34999999996,101348.34999999996,10.5,14.5,19.4,0.0,112.25774508563784
22809600,102386.52500000002,102386.52500000002,13.6,7.9,15.5,4.6,103.23101553549157
22896000,121862.88500000002,121862.88500000002,13.9,8.9,15.2,2.0,109.73267380219986
22982400,125787.33,125787.33,13.3,8.3,15.1,1.4,148.22983253082805
23068800,124302.93,124302.93,13.1,8.7,16.6,0.0,192.48503468100068
23155200,117320.175,117320.175,19.6,8.3,20.3,0.0,139.499443712047
23241600,106043.01999999996,96907.615,7.4,12.3,18.8,0.0,69.64095969494271
23328000,108762.31,108762.31,17.7,7.2,14.9,0.2,132.26212259513426
23414400,104804.08999999998,104804.08999999998,19.0,9.1,15.8,0.0,90.40132049856074
23500800,121770.82000000002,121770.82000000002,14.4,10.1,14.1,0.0,107.8227368440978
23587200,117265.27500000002,117265.27500000002,21.7,4.2,20.5,0.0,121.39089117729009
23673600,110760.82499999998,110760.82499999998,18.5,9.3,26.5,0.0,108.66167661445284
23760000,109312.85,109312.85,22.0,15.1,29.7,0.0,108.84391257843882
23846400,117512.56,117512.56,11.0,12.5,15.2,0.0,136.36199473869004
23932800,101386.01,101386.01,17.4,7.6,24.3,1.8,88.04906289240498
24019200,93011.345,86559.575,17.4,12.9,24.8,0.0,54.72011453656542
24105600,113296.30999999994,113296.30999999994,15.1,11.6,16.4,0.0,112.0755954924746
24192000,117504.77500000002,117504.77500000002,17.0,9.5,14.2,2.6,130.67182526454778
24278400,122771.81999999998,122771.81999999998,19.3,8.5,15.0,5.8,131.5850421676571
24364800,123692.08000000002,123692.08000000002,12.6,10.2,14.7,0.2,167.9811357727997
24451200,115250.505,115250.505,17.5,9.5,18.9,0.0,114.69697536553092
24537600,101053.365,101053.365,20.1,8.2,20.4,0.0,93.12022348934153
24624000,94744.70000000004,94744.70000000004,19.6,9.4,23.1,0.0,90.16423585171512
24710400,110290.12,110290.12,20.2,13.6,26.7,0.2,119.01379256410272
24796800,112052.12000000002,112052.12000000002,20.6,13.0,18.0,0.0,123.26132848490504
24883200,117533.72000000002,117533.72000000002,11.4,13.3,20.4,0.0,116.3406691683884
24969600,116690.04,116690.04,9.6,9.5,15.2,4.4,92.49804369935944
25056000,109857.48499999996,107709.17999999996,23.2,7.3,22.1,0.8,76.31832855631095
25142400,102032.495,92602.27,15.8,9.4,15.3,0.8,67.01442281059579
25228800,102684.515,102684.515,14.7,10.0,16.4,0.8,87.53321241717899
25315200,114502.07000000002,114502.07000000002,19.6,11.5,17.0,0.0,111.66686769767568
25401600,114108.545,114108.545,23.7,11.9,19.6,0.0,111.44984403753462
25488000,114281.61500000006,114281.61500000006,26.0,8.2,27.9,0.0,99.736133028484
25574400,115442.655,115442.655,26.1,13.0,33.8,0.2,82.37009654360428
25660800,109130.76999999996,109130.76999999996,10.0,16.8,21.6,0.0,70.88468961182994
25747200,96698.285,87606.39000000001,17.2,9.6,15.5,3.8,44.84928375255053
25833600,102830.55500000002,102830.55500000002,10.1,10.3,17.0,1.2,87.80824297651606
25920000,112634.635,112634.635,26.3,8.7,21.6,1.4,104.09160745671164
26006400,111887.405,111887.405,27.0,9.7,30.5,0.0,130.19868171444324
26092800,117375.73,117375.73,27.2,13.8,25.1,0.0,130.31831203435326
26179200,121752.87500000006,119910.49000000006,25.5,14.2,33.7,0.0,89.65963517699274
26265600,130510.90500000006,128446.34000000004,22.8,20.0,34.3,0.0,90.318841502938
26352000,105806.82499999995,105806.82499999995,2.2,15.8,18.9,4.2,90.79891251863954
26438400,96867.015,96867.015,7.8,12.8,20.7,12.4,72.39884079632266
26524800,107279.84000000004,107279.84000000004,11.2,9.5,16.2,1.2,79.09640417435371
26611200,96817.00000000004,92009.65500000004,27.4,7.7,19.6,10.2,66.47681473811416
26697600,104381.38000000003,102311.48000000004,19.9,10.5,24.1,0.0,58.4519518840429
26784000,115132.64,115132.64,8.3,11.5,17.7,0.0,63.89768626776908
26870400,113954.78,113954.78,16.1,10.3,15.0,6.8,81.07754151076419
26956800,108924.78999999998,108924.78999999998,9.8,7.6,14.2,6.4,70.47488423847318
27043200,101550.045,101550.045,13.5,10.8,18.1,0.2,86.63900971486522
27129600,106758.94999999998,106758.94999999998,27.4,10.0,29.6,0.0,66.49132610568014
27216000,104303.45999999996,104303.45999999996,12.7,11.5,17.4,0.6,57.06984589389461
27302400,112573.54,110318.825,12.0,9.1,17.3,1.6,64.51938944711165
27388800,109828.93,109828.93,19.7,12.1,22.4,0.8,74.43626304153193
27475200,110954.75499999996,110954.75499999996,12.4,13.0,18.5,0.0,72.06559877176964
27561600,97646.11999999998,95633.08999999998,23.9,9.2,17.2,0.0,67.18721944660986
27648000,96742.49000000002,96742.49000000002,24.1,10.8,16.2,0.0,66.41186457780856
27734400,109148.25000000004,109148.25000000004,29.9,8.5,26.9,0.0,72.28107150458204
27820800,112033.87,112033.87,27.9,11.4,18.6,0.0,81.95589561754848
27907200,119736.125,119736.125,30.1,9.4,34.7,0.0,83.76325169617775
27993600,131311.99999999994,131311.99999999994,18.8,14.0,40.9,0.0,72.8153112080389
28080000,109049.36500000002,109049.36500000002,28.3,13.6,20.0,0.0,65.4129780100049
28166400,97245.765,97245.765,24.6,10.1,23.8,0.0,49.79429277922797
28252800,96778.25,96778.25,30.6,11.9,23.7,0.0,60.75544396184057
28339200,113899.3,113899.3,18.0,11.4,27.4,0.0,71.00111617850155
28425600,107629.15999999996,107629.15999999996,22.2,11.4,16.4,2.0,47.35059212809988
28512000,108417.695,108417.695,31.0,8.6,24.8,0.0,59.04467499839394
28598400,112735.875,112735.875,30.7,11.4,21.1,0.0,70.20255195562193
28684800,114799.90999999996,114799.90999999996,21.9,11.9,19.7,0.0,79.60572906764475
28771200,98959.56,93762.83000000002,26.7,10.3,18.4,8.0,51.05874163446159
28857600,100233.98,98253.315,9.8,12.2,16.8,0.0,33.15486701914859
28944000,110609.40000000002,106674.71000000002,18.2,9.8,15.5,3.4,29.07038254840908
29030400,109094.04,91683.43000000002,19.2,11.0,22.2,0.4,19.17095068300706
29116800,107400.70499999996,105534.82499999995,20.3,12.1,23.0,0.0,39.41504815028915
29203200,107891.69,92943.13999999998,20.4,12.3,23.9,0.0,45.830326154405405
29289600,105028.98499999996,101007.77999999996,18.2,13.3,20.8,0.0,41.38035927320447
29376000,95436.29999999996,92139.345,30.3,11.2,21.0,0.0,47.12307019341698
29462400,97577.415,92279.66,30.8,13.8,27.6,0.0,43.69041138515506
29548800,127910.835,116652.975,28.6,16.3,38.0,0.0,62.71879256671258
29635200,109548.62,109548.62,22.2,14.3,17.2,0.0,48.33616467920818
29721600,109060.37500000004,109060.37500000004,21.8,13.4,18.1,0.0,57.73048536739394
29808000,108599.06500000002,108599.06500000002,22.7,13.4,18.4,0.0,41.64754348529612
29894400,107070.61,107070.61,24.8,11.4,20.9,0.0,58.517373635024576
29980800,101239.23500000004,101239.23500000004,10.4,14.1,20.1,0.0,65.76524834862686
30067200,98723.45,95082.89,16.4,15.1,21.7,0.0,50.9367430650975
30153600,114400.065,114400.065,21.7,13.0,22.6,0.0,73.60174913318451
30240000,123999.07,123999.07,29.5,12.6,26.3,0.0,83.08408218263251
30326400,146990.88999999998,146990.88999999998,29.3,15.9,40.1,0.0,95.80297192159324
30412800,125050.60999999994,125050.60999999994,29.3,17.2,23.3,0.0,71.95351191569556
30499200,150553.39999999994,150553.39999999994,31.4,13.7,43.5,0.0,243.81015955136192
30585600,100632.475,98820.475,28.3,16.9,20.2,0.0,44.941136257455646
30672000,90145.61499999998,86802.10499999997,31.5,13.1,19.6,0.0,34.67870590599445
30758400,101818.025,101818.025,29.2,12.1,20.0,0.0,47.198234265003656
30844800,102168.93,102168.93,31.4,14.1,24.5,0.0,57.33130511252296
30931200,98312.74499999998,98312.74499999998,32.0,14.0,27.9,0.0,42.25723939200356
31017600,96120.52499999998,96120.52499999998,26.2,16.5,20.5,0.0,41.25598667974401
31104000,107256.065,107256.065,31.6,13.6,23.9,0.0,56.12245133410404
31190400,113521.685,113521.685,20.6,16.7,28.4,0.0,63.29544930468572
31276800,118293.525,118293.525,31.9,16.8,33.2,0.0,87.6866887756536
31363200,140410.12500000006,140410.12500000006,18.8,19.7,40.8,0.0,295.8292018883966
31449600,95410.39000000004,95410.39000000004,29.3,15.3,21.2,2.4,46.251483918575296
